{
  "normal": {
    "num_episodes": 1000,
    "avg_length": 25.0,
    "std_length": 0.0,
    "avg_reward": -47.72890447613615,
    "std_reward": 12.250699076362567
  },
  "failures": {
    "communication_delay": {
      "num_episodes": 200,
      "avg_length": 25.0,
      "std_length": 0.0,
      "avg_reward": -55.05135404374021,
      "std_reward": 12.651591077662923
    },
    "observation_noise": {
      "num_episodes": 200,
      "avg_length": 25.0,
      "std_length": 0.0,
      "avg_reward": -49.01574145979168,
      "std_reward": 13.978294114961951
    },
    "observation_bias": {
      "num_episodes": 150,
      "avg_length": 25.0,
      "std_length": 0.0,
      "avg_reward": -112.5096606912994,
      "std_reward": 30.73763838653481
    },
    "action_delay": {
      "num_episodes": 150,
      "avg_length": 25.0,
      "std_length": 0.0,
      "avg_reward": -55.982976720575174,
      "std_reward": 12.130045623563737
    },
    "partial_obs_drop": {
      "num_episodes": 150,
      "avg_length": 25.0,
      "std_length": 0.0,
      "avg_reward": -52.82021164607165,
      "std_reward": 15.447201654036904
    },
    "action_corruption": {
      "num_episodes": 200,
      "avg_length": 25.0,
      "std_length": 0.0,
      "avg_reward": -55.201757808232216,
      "std_reward": 16.235697669545182
    },
    "reward_misalignment": {
      "num_episodes": 200,
      "avg_length": 25.0,
      "std_length": 0.0,
      "avg_reward": -31.596985726838806,
      "std_reward": 10.040541589569337
    },
    "reward_zero": {
      "num_episodes": 150,
      "avg_length": 25.0,
      "std_length": 0.0,
      "avg_reward": -31.544643613534863,
      "std_reward": 9.057000428987246
    },
    "action_repeat": {
      "num_episodes": 150,
      "avg_length": 25.0,
      "std_length": 0.0,
      "avg_reward": -51.16251269549397,
      "std_reward": 12.395485731905255
    },
    "message_drop": {
      "num_episodes": 200,
      "avg_length": 25.0,
      "std_length": 0.0,
      "avg_reward": -64.49861843996803,
      "std_reward": 18.88330995162722
    },
    "action_stuck_0": {
      "num_episodes": 150,
      "avg_length": 25.0,
      "std_length": 0.0,
      "avg_reward": -52.31212749956494,
      "std_reward": 14.869437638351592
    },
    "action_stuck_1": {
      "num_episodes": 150,
      "avg_length": 25.0,
      "std_length": 0.0,
      "avg_reward": -64.38603242474072,
      "std_reward": 16.69735139182475
    },
    "reward_delay": {
      "num_episodes": 150,
      "avg_length": 25.0,
      "std_length": 0.0,
      "avg_reward": -49.306234637992624,
      "std_reward": 14.24134747957068
    },
    "observation_freeze": {
      "num_episodes": 150,
      "avg_length": 25.0,
      "std_length": 0.0,
      "avg_reward": -51.688661854273036,
      "std_reward": 11.856980688136712
    },
    "reward_freeze": {
      "num_episodes": 150,
      "avg_length": 25.0,
      "std_length": 0.0,
      "avg_reward": -49.10479292120827,
      "std_reward": 12.086775700018716
    },
    "reward_constant": {
      "num_episodes": 150,
      "avg_length": 25.0,
      "std_length": 0.0,
      "avg_reward": 2549.5088626390116,
      "std_reward": 436.98360909683015
    },
    "observation_sign_flip": {
      "num_episodes": 150,
      "avg_length": 25.0,
      "std_length": 0.0,
      "avg_reward": -64.19684964407999,
      "std_reward": 17.767309565250585
    },
    "extreme_obs_noise": {
      "num_episodes": 150,
      "avg_length": 25.0,
      "std_length": 0.0,
      "avg_reward": -66.52990971731522,
      "std_reward": 15.177978085578458
    }
  }
}