{
  "normal": {
    "num_episodes": 300,
    "avg_length": 25.0,
    "std_length": 0.0,
    "avg_reward": -77.46570543431234,
    "std_reward": 21.865166645757217
  },
  "failures": {
    "communication_delay": {
      "num_episodes": 300,
      "avg_length": 25.0,
      "std_length": 0.0,
      "avg_reward": -81.59997996590498,
      "std_reward": 24.737775418166486
    },
    "observation_noise": {
      "num_episodes": 300,
      "avg_length": 25.0,
      "std_length": 0.0,
      "avg_reward": -77.48368933384727,
      "std_reward": 21.872818502437582
    },
    "observation_bias": {
      "num_episodes": 300,
      "avg_length": 25.0,
      "std_length": 0.0,
      "avg_reward": -77.94954948405449,
      "std_reward": 22.206777932684304
    },
    "action_delay": {
      "num_episodes": 300,
      "avg_length": 25.0,
      "std_length": 0.0,
      "avg_reward": -143.90958001885843,
      "std_reward": 55.17245027151926
    },
    "partial_obs_drop": {
      "num_episodes": 300,
      "avg_length": 25.0,
      "std_length": 0.0,
      "avg_reward": -78.77211551045788,
      "std_reward": 23.611407274721472
    },
    "action_corruption": {
      "num_episodes": 300,
      "avg_length": 25.0,
      "std_length": 0.0,
      "avg_reward": -81.36412230823628,
      "std_reward": 22.148753579500926
    },
    "reward_misalignment": {
      "num_episodes": 300,
      "avg_length": 25.0,
      "std_length": 0.0,
      "avg_reward": -54.47586849784438,
      "std_reward": 16.456479118245387
    },
    "reward_zero": {
      "num_episodes": 300,
      "avg_length": 25.0,
      "std_length": 0.0,
      "avg_reward": -55.331221417797984,
      "std_reward": 16.93519171508921
    },
    "action_repeat": {
      "num_episodes": 300,
      "avg_length": 25.0,
      "std_length": 0.0,
      "avg_reward": -82.50763020338616,
      "std_reward": 24.857613901731074
    },
    "message_drop": {
      "num_episodes": 300,
      "avg_length": 25.0,
      "std_length": 0.0,
      "avg_reward": -78.7953831458963,
      "std_reward": 22.65758745902804
    },
    "action_stuck_0": {
      "num_episodes": 300,
      "avg_length": 25.0,
      "std_length": 0.0,
      "avg_reward": -78.11360346544737,
      "std_reward": 25.04900553477923
    },
    "action_stuck_1": {
      "num_episodes": 300,
      "avg_length": 25.0,
      "std_length": 0.0,
      "avg_reward": -93.08722450719064,
      "std_reward": 29.315608381386852
    },
    "reward_delay": {
      "num_episodes": 300,
      "avg_length": 25.0,
      "std_length": 0.0,
      "avg_reward": -78.04558098847619,
      "std_reward": 23.383508736069018
    },
    "observation_freeze": {
      "num_episodes": 300,
      "avg_length": 25.0,
      "std_length": 0.0,
      "avg_reward": -79.00740341384542,
      "std_reward": 23.253190431822762
    },
    "reward_freeze": {
      "num_episodes": 300,
      "avg_length": 25.0,
      "std_length": 0.0,
      "avg_reward": -79.089958301187,
      "std_reward": 23.42375083974439
    },
    "reward_constant": {
      "num_episodes": 300,
      "avg_length": 25.0,
      "std_length": 0.0,
      "avg_reward": 2184.3663996162586,
      "std_reward": 406.5830682253047
    },
    "observation_sign_flip": {
      "num_episodes": 300,
      "avg_length": 25.0,
      "std_length": 0.0,
      "avg_reward": -77.45804426127924,
      "std_reward": 20.654316842016506
    },
    "extreme_obs_noise": {
      "num_episodes": 300,
      "avg_length": 25.0,
      "std_length": 0.0,
      "avg_reward": -78.48189257489263,
      "std_reward": 23.115619654757637
    }
  }
}
